Project ID,Project Name,Project Developer,Project Owner,Project Type,Status,ARB Project Status,Project Site Location,Project Site State,Project Site Country,Total Number of Offset Credits Registered ,Project Listed Date,Project Registered Date,Project Website,Proponent,AFOLU Activities,Methodology,Country,Region,Estimated Annual Emission Reductions,Crediting Period Start,Crediting Period End,Registration Date,Unnamed: 23,plainID,No.,Name,Location,Lat ,Long,Organisation,Ecosystem,Year validated/verified,Intended duration (years),Size/area (ha),Standard,Annual credits (t CO2e),"Status of ecosystem 
before intervention",Intervention planned,Intervention goal,Inclusion of avoided emissions,Registry entry,Website link,Unnamed: 30,registryID,projectID,projectLink,urlDown,urlFileNames,latitude,longitude,latReading,lonReading
CAR1428,Manglares San Crisanto,FUNDACION SAN CRISANTO,EJIDO SAN CRISANTO,Forestry - MX,Registered,Not ARB Eligible,Beach,YUCATÁN,MX,13349.0,2020-07-31,2022-05-03,https://www.facebook.com/loriapalm/,,,,,,,,,,,1428.0,2.0,Manglares San Crisanto,Yucatan,21.35238,-89.17171,Ejido San Crisanto,Mangrove,2022,,850.0,Climate Action Reserve,,,,,,https://thereserve2.apx.com/mymodule/reg/prjView.asp?id1=1428,https://www.facebook.com/loriapalm/, https://www.equatorinitiative.org/2017/05/28/fundacion-san-crisanto-san-crisanto-foundation/,1428,CAR1428,https://thereserve2.apx.com/mymodule/reg/TabDocuments.asp?r=111&ad=Prpt&act=update&type=PRO&aProj=pub&tablename=doc&id1=1428,https://thereserve2.apx.com/mymodule/ProjectDoc/Project_ViewFile.asp?FileID=58641&IDKEY=9iofj09234rm9oq4jndsma80vcalksdjf98cxkjaf90823nmq3k80865939,Shape_Area Proyecto Ejido Total.zip,,,,
CAR1429,Manglares Ursulo Galvan,EJIDO URSULO GALVAN,EJIDO URSULO GALVAN,Forestry - MX,Registered,Not ARB Eligible,Basin,TABASCO,MX,5192.0,2020-07-31,2022-11-29,https://www.facebook.com/search/top?q=ejido%20%C3%BArsulo%20galv%C3%A1n,,,,,,,,,,,1429.0,1.0,Manglares Ursulo Galvan,Tabasco,19.40502,-96.35855,Ejido Ursulo Galvan,Mangrove,2022,,1200.0,Climate Action Reserve,,,,,,https://thereserve2.apx.com/mymodule/reg/prjView.asp?id1=1429,https://www.facebook.com/loriapalm/, https://www.equatorinitiative.org/2017/05/28/fundacion-san-crisanto-san-crisanto-foundation/,1429,CAR1429,https://thereserve2.apx.com/mymodule/reg/TabDocuments.asp?r=111&ad=Prpt&act=update&type=PRO&aProj=pub&tablename=doc&id1=1429,https://thereserve2.apx.com/mymodule/ProjectDoc/Project_ViewFile.asp?FileID=58639&IDKEY=sq934lkmsad39asjdkfj90qlkalsdkngaf98ulkandDfdvDdfh880863181,shapefile AREA PROYECTO-UG 2914ha.zip,,,,
VCS1318,Livelihoods' mangrove restoration grouped project in Senegal,,,Agriculture Forestry and Other Land Use,Registered,,,,,,,,,Livelihoods Fund SICAV SIF,ARR,AR-AM0014,Senegal,Africa,30000.0,2009-07-31,2039-07-30,2020-04-06,,1318.0,4.0,Livelihoods Senegal,Casamance,,,Livelihoods Fund,Mangrove,2014,,10415.0,Verra VCS,30000.0,,,,,https://registry.verra.org/app/projectDetail/VCS/1318,https://livelihoods.eu/portfolio/oceanium-senegal/,,VCS1318,VCS1318,https://registry.verra.org/uiapi/resource/resourceSummary/1318,https://registry.verra.org/mymodule/ProjectDoc/Project_ViewFile.asp?FileID=14763&IDKEY=8q934lkmsad39asjdkfj90qlkalsdkngaf98ulkandDfdvDdfhs20358177,ARR_project_Livelihoods_Senegal.kml,12.875583,-16.354489,14.550283255806658,-14.940489308628917
VCS1463,India Sundarbans Mangrove Restoration,,,Agriculture Forestry and Other Land Use,Registered,,,,,,,,,Livelihoods Fund SICAV SIF,ARR,AR-AM0014,India,Asia,51249.0,2010-09-28,2030-09-27,2020-04-06,.,1463.0,10.0,India Sundarbans Mangrove Restoration,West Bengal,,,Livelihoods Fund,Mangrove,2015,,4675.0,Verra VCS,34275.0,,,,,https://registry.verra.org/app/projectDetail/VCS/1463,https://livelihoods.eu/portfolio/news-india/,,VCS1463,VCS1463,https://registry.verra.org/uiapi/resource/resourceSummary/1463,https://registry.verra.org/mymodule/ProjectDoc/Project_ViewFile.asp?FileID=15816&IDKEY=3q934lkmsad39asjdkfj90qlkalsdkngaf98ulkandDfdvDdfhk21810264,NEWS project boundary cluster.kml,21.90549,88.44651,21.92952624922791,88.46348290335877
VCS1493,"Mangrove restoration and coastal greenbelt protection in the East coast of Aceh and North Sumatra Province, Indonesia",,,Agriculture Forestry and Other Land Use,Registered,,,,,,,,,Livelihoods Fund SICAV SIF,ARR,AR-AM0014,Indonesia,Asia,124706.0,2011-06-14,2031-06-13,2020-04-06,.,1493.0,12.0,Livelihoods Yagasu,"Aceh, Sumatra",,,Livelihoods Fund,Mangrove,2015,,1000.0,Verra VCS,124706.0,,,,,https://registry.verra.org/app/projectDetail/VCS/1493,https://livelihoods.eu/portfolio/yagasu-indonesia/,,VCS1493,VCS1493,https://registry.verra.org/uiapi/resource/resourceSummary/1493,https://registry.verra.org/mymodule/ProjectDoc/Project_ViewFile.asp?FileID=17410&IDKEY=siquwesdfmnk0iei23nnm435oiojnc909dsflk9809adlkmlkfi24008390,2015_09_01_YAGASU_PLANTING_PLOTS_ALL_VCS.kml,4.65,97.59,4.452090902091138,98.15512409731893
VCS1760,The Haidar EL ALI Mangrove Initiative (HEAMI),,,Agriculture Forestry and Other Land Use,Under development,,,,,,,,,Multiple Proponents,ARR,AR-AMS0003,Senegal,Africa,30170.0,2018-08-01,2048-07-31,,,1760.0,34.0,HEAMI - The Haidar El Ali mangrove initiative,Sine Saloum,,,ALLCOT,Mangrove,,,2000.0,Verra VCS,30170.0,,,,,https://registry.verra.org/app/projectDetail/VCS/1760,,,VCS1760,VCS1760,https://registry.verra.org/uiapi/resource/resourceSummary/1760,,,14.570555,-16.574165,,
VCS1764,"Reforestation and Restoration of degraded mangrove lands, sustainable livelihood and community development in Myanmar",,,Agriculture Forestry and Other Land Use,Registered,,,,,,,,,Worldview International Foundation,ARR; WRC,AR-AM0014,Myanmar,Asia,184006.0,2015-06-15,2045-06-14,2017-06-26,,1764.0,11.0,Thor Heyerdahl Climate Park,Myanmar,,,Worldview International Foundation,Mangrove,2018,,2100.0,Verra VCS,184006.0,,,,,https://registry.verra.org/app/projectDetail/VCS/1764,https://www.worldview.foundation/reforestation-2021/,,VCS1764,VCS1764,https://registry.verra.org/uiapi/resource/resourceSummary/1764,,,17.067264,94.465384,,
VCS2088,Mangrove Restoration and Sustainable Development in Myanmar,,,Agriculture Forestry and Other Land Use,Registration requested,,,,,,,,,Worldview International Foundation,ARR; WRC,AR-AM0014,Myanmar,Asia,403831.0,2020-09-01,2040-08-31,,,2088.0,44.0,Mangrove restoration and sustainable development,Ayeyarwadi,,,Worldview International Foundation,Mangrove,,,4500.0,Verra VCS,403831.0,,,,,https://registry.verra.org/app/projectDetail/VCS/2088,https://wif.foundation/,,VCS2088,VCS2088,https://registry.verra.org/uiapi/resource/resourceSummary/2088,,,17.291944,94.565833,,
VCS2250,Delta Blue Carbon – 1,,,Agriculture Forestry and Other Land Use,Registered,,,,,,,,,Multiple Proponents,ARR; WRC,VM0033,Pakistan,Asia,2407629.0,2015-02-19,2075-02-18,2021-12-20,,2250.0,9.0,Delta Blue Carbon - 1,Indus Delta,,,Indus Delta Capital,Mangrove,2021/2022,,350000.0,"Verra VCS, Verra CCB",2407629.0,,,,,https://registry.verra.org/app/projectDetail/VCS/2250,https://deltabluecarbon.com/project-details/,,2250,VCS2250,https://registry.verra.org/uiapi/resource/resourceSummary/2250,https://registry.verra.org/mymodule/ProjectDoc/Project_ViewFile.asp?FileID=75495&IDKEY=90e98hfalksuf098fnsdalfkjfoijmn4309JLKJFjlaksjfla9J104107605,KML_2250.kml,24.796665,68.670276,24.104800723108635,67.76293224706392
VCS2290,BLUE CARBON PROJECT GULF OF MORROSQUILLO “VIDA MANGLAR”,,,Agriculture Forestry and Other Land Use,Registered,,,,,,,,,Conservation International Foundation,REDD,VM0007,Colombia,Latin America,31310.0,2015-05-15,2045-05-14,2021-05-06,,2290.0,3.0,Vida Manglar,"Cispata, Gulf of Morrosquillo",,,Conservation International,Mangrove,2021,30.0,7561.0,"Verra VCS, Verra CCB",31310.0,Mangrove logging,"(i) strengthening of governance, (ii) alternative productive projects, (iii) recovery and rehabilitation of mangrove areas, (iv) monitoring","1) Conservation and sustainable management of the mangrove ecosystem, marshes, and associated streams.
4.1.3
2) Strengthening local governance and management of protected marine-coastal areas at the regional level.
3.1.5
3) Maintenance and promotion of sustainable community management practices of mangrove forests and increased perception of the value of forest resources
2.1.1
4) Economic empowerment of community groups and increased job opportunities.
4
5) Habitat protection for three species of fauna that have a significant threat category, rescue, rehabilitation and release activities, and identification of methods for their follow-up and monitoring.",Yes,https://registry.verra.org/app/projectDetail/VCS/2290,https://www.conservation.org/press-releases/2021/05/06/a-new-lifeline-for-the-world%E2%80%99s-mangrove-forests,,2290,VCS2290,https://registry.verra.org/uiapi/resource/resourceSummary/2290,https://registry.verra.org/mymodule/ProjectDoc/Project_ViewFile.asp?FileID=46685&IDKEY=j097809fdslkjf09rndasfufd098asodfjlkduf09nm23mrn87u64378615,DMI_Cispata_V3.kml,9.324177,-75.725577,9.36673954458163,-75.87917876862709
VCS2324,COMMUNITY BASED AVOIDED DEFORESTATION PROJECT IN GUINEA-BISSAU - REDD,,,Agriculture Forestry and Other Land Use,Registered,,,,,,,,,BioGuinea Foundation,REDD,VM0007,Guinea-Bissau,Africa,920436.0,2011-03-31,2031-03-30,2020-10-27,,2324.0,5.0,Community-based avoided deforestation project in Guinea-Bissau,Cacheu,,,BioGuinea Foundation,Mangrove,2020,,145698.0,Verra VCS,920436.0,,,,,https://registry.verra.org/app/projectDetail/VCS/2324,,,2324,VCS2324,https://registry.verra.org/uiapi/resource/resourceSummary/2324,,,12.310658,-16.190328,,
VCS2330,Protection of mangroves and community developmental activities in the biodiversity hotspot of Colombia,,,Agriculture Forestry and Other Land Use,Under validation,,,,,,,,,WeAct Pty Ltd,REDD,VM0015,Colombia,Latin America,460000.0,2016-04-01,2046-03-31,,,2330.0,15.0,Protection of mangroves and community developmental activities ,Choco and Antioquia,,,WeAct PTY Ltd,Mangrove,,,64000.0,"Verra VCS, Verra CCB",460000.0,,,,,https://registry.verra.org/app/projectDetail/VCS/2330,https://www.weact.com.au/our-projects/,,VCS2330,VCS2330,https://registry.verra.org/uiapi/resource/resourceSummary/2330,https://registry.verra.org/mymodule/ProjectDoc/Project_ViewFile.asp?FileID=47699&IDKEY=a903q4jsafkasjfu90amnmasdfkaidflnmdf9348r09dmfasdfa65776921,project area kml file.kml,8.105304,-76.960277,8.105308324916066,-76.96027777777776
VCS2343,Zhanjiang Mangrove Afforestation Project,,,Agriculture Forestry and Other Land Use,Registered,,,,,,,,,"Third Institute of Oceanography, Ministry of Natural Resources",ARR,AR-AM0014,China,Asia,4020.0,2015-04-30,2055-04-29,2021-03-19,,2343.0,13.0,Zhanjiang Mangrove Afforestation Project,Guangdong,,,"Third Institute of Oceanography, Ministry of Natural Resources",Mangrove,2020,,380.0,"Verra VCS, Verra CCB",4020.0,,,,,https://registry.verra.org/app/projectDetail/VCS/2343,https://www.naturalcapitalpartners.com/projects/project/mangrove-reforestation-china,,VCS2343,VCS2343,https://registry.verra.org/uiapi/resource/resourceSummary/2343,https://registry.verra.org/mymodule/ProjectDoc/Project_ViewFile.asp?FileID=48438&IDKEY=fkjalskjf098234kj28098sfkjlf098098kl32lasjdflkj909l66796002,05-Zhanjiang AR_Project boundary.kml,21.014077,110.209333,20.96496193012194,110.19378992851453
VCS2360,Virginia Coast Reserve Seagrass Restoration Project,,,Agriculture Forestry and Other Land Use,Under development,,,,,,,,,The Nature Conservancy,WRC,VM0033,United States,North America,1349.0,2015-07-10,2045-07-09,,,2360.0,32.0,Virginia coast reserve seagrass restoration project,Virginia,,,Virginia Department of Environmental Quality,Seagrass,,,66452.0,Verra VCS,,,,,,https://registry.verra.org/app/projectDetail/VCS/2360,,,2360,VCS2360,https://registry.verra.org/uiapi/resource/resourceSummary/2360,https://registry.verra.org/mymodule/ProjectDoc/Project_ViewFile.asp?FileID=48897&IDKEY=a98klasmf8jflkasf8098afnasfkj98f0a9sfsakjflsakjf8da67428963,ProjectBoundary_reduced.kml,37.312711,-75.839815,37.551720627561124,-75.61571399787488
VCS2395,OKI REDD+ Project,,,Agriculture Forestry and Other Land Use,Registration requested,,,,,,,,,Japan Asia Group Ltd,ARR,AM0014; VM0007; AR-ACM0003,Indonesia,Asia,181986.0,2016-08-05,2046-08-04,,,2395.0,47.0,OKI REDD+ project,South Sumatra,,,Japan Asia Group Ltd,Mangrove,,,23500.0,Verra VCS,181986.0,,,,,https://registry.verra.org/app/projectDetail/VCS/2395,,,2395,VCS2395,https://registry.verra.org/uiapi/resource/resourceSummary/2395,https://registry.verra.org/mymodule/ProjectDoc/Project_ViewFile.asp?FileID=49819&IDKEY=sq934lkmsad39asjdkfj90qlkalsdkngaf98ulkandDfdvDdfh868700401,REDD_boundary2.kml,-2.565,105.6,,
VCS2406,SENEGAL AND WEST AFRICA MANGROVE PROGRAMME (SWAMP),,,Agriculture Forestry and Other Land Use,Under development,,,,,,,,,ALLCOT A.G.,,VM0007,Senegal,Africa,2547.0,,,,,2406.0,33.0,SWAMP - Senegal and West Africa mangrove programme,Sine Saloum,,,ALLCOT,Mangrove,,,42.0,Verra VCS,2547.0,,,,,https://registry.verra.org/app/projectDetail/VCS/2406,,,VCS2406,VCS2406,https://registry.verra.org/uiapi/resource/resourceSummary/2406,https://registry.verra.org/mymodule/ProjectDoc/Project_ViewFile.asp?FileID=50042&IDKEY=uq934lkmsad39asjdkfj90qlkalsdkngaf98ulkandDfdvDdfha69007918,REDD+ COMPONENT.kml,14.134995,-16.763672,13.805679488222825,-16.469604865026973
VCS2518,"Carbon sequestration in mangroves of the south – central coastal zone of the state of Sinaloa, México",,,Agriculture Forestry and Other Land Use,Under development,,,,,,,,,ALLCOT AG,REDD,VM0007,Mexico,Latin America,3123836.0,2021-06-01,2051-05-31,,,2518.0,23.0,"Carbon sequestration in mangroves of the south-central coastal zone of the state of Sinaloa, Mexico",Sinaloa,,,ALLCOT,Mangrove,,,49387.0,Verra VCS,3123836.0,,,,,https://registry.verra.org/app/projectDetail/VCS/2518,https://www.allcot.com/,,VCS2518,VCS2518,https://registry.verra.org/uiapi/resource/resourceSummary/2518,https://registry.verra.org/mymodule/ProjectDoc/Project_ViewFile.asp?FileID=52638&IDKEY=kiofj09234rm9oq4jndsma80vcalksdjf98cxkjaf90823nmq3972587802,MyHdC_Sinaloa_26Mar21.kml,25.3125,-108.388333,24.64183586825903,-107.77177372478434
VCS2568,Hainan Lingshui Mangrove Blue Carbon Project,,,Agriculture Forestry and Other Land Use,Registration requested,,,,,,,,,Lingshui County Forestry Bureau,ARR,AR-AM0014,China,Asia,2527.0,2016-05-21,2046-05-20,,,2568.0,46.0,Hainan Lingshui mangrove Blue Carbon project,Hainan,,,Lingshui County Forestry Bureau,Mangrove,,,192.0,Verra VCS,2527.0,,,,,https://registry.verra.org/app/projectDetail/VCS/2568,,,VCS2568,VCS2568,https://registry.verra.org/uiapi/resource/resourceSummary/2568,https://registry.verra.org/mymodule/ProjectDoc/Project_ViewFile.asp?FileID=54438&IDKEY=iiofj09234rm9oq4jndsma80vcalksdjf98cxkjaf90823nmq3q75070002,KML_2568.kml,18.430089,110.016442,18.41644722188486,110.00173512877707
VCS2792,Restoration of Degraded Mangroves and Sustainable Development in Myanmar,,,Agriculture Forestry and Other Land Use,Registration requested,,,,,,,,,Worldview International Foundation,ARR,AR-AM0014,Myanmar,Asia,70285.0,2020-09-01,2050-08-31,,,2792.0,45.0,Restoration of degraded mangroves and sustainable development,Ayeyarwadi,,,Worldview International Foundation,Mangrove,,,1300.0,Verra VCS,77130.0,,,,,https://registry.verra.org/app/projectDetail/VCS/2792,,,VCS2792,VCS2792,https://registry.verra.org/uiapi/resource/resourceSummary/2792,,,16.966702,94.479312,,
VCS2834,"Mangrove Restoration Project with Sine Saloum and Casamance communities, Senegal",,,Agriculture Forestry and Other Land Use,Under validation,,,,,,,,,WeForest ASBL,ARR; WRC,AR-AM0014,Senegal,Africa,95470.0,2020-07-10,2050-07-09,,,2834.0,16.0,Mangrove restoration project with Sine Saloum and Casamance communities,Casamance,,,WeForest ASBL,Mangrove,,,7020.0,Verra VCS,95470.0,,,,,https://registry.verra.org/app/projectDetail/VCS/2834,,,VCS2834,VCS2834,https://registry.verra.org/uiapi/resource/resourceSummary/2834,https://registry.verra.org/mymodule/ProjectDoc/Project_ViewFile.asp?FileID=60503&IDKEY=9iofj09234rm9oq4jndsma80vcalksdjf98cxkjaf90823nmq3k83433637,Manco_NoLogos_Shapefiles ID2834.kml,14.136044,16.656875,13.569068045520872,-16.45819057288581
VCS2842,Restoring Mangroves in Mexico's Blue Carbon Ecosystems,,,Agriculture Forestry and Other Land Use,Under development,,,,,,,,,BlueMX Mangrove A.C.,ARR; WRC,VM0033,Mexico,Latin America,868302.0,2016-06-13,2046-06-12,,,2842.0,26.0,Restoring mangroves in Mexico's Blue Carbon ecosystems (BlueMX),"Campeche, Nayarit, Quintana Roo, Veracruz",,,BlueMX Mangrove A.C.,Mangrove,,,32914.0,Verra VCS,868302.0,,,,,https://registry.verra.org/app/projectDetail/VCS/2842,https://bluemx.org/,,VCS2842,VCS2842,https://registry.verra.org/uiapi/resource/resourceSummary/2842,https://registry.verra.org/mymodule/ProjectDoc/Project_ViewFile.asp?FileID=59458&IDKEY=dq934lkmsad39asjdkfj90qlkalsdkngaf98ulkandDfdvDdfh081992582,T13QDE_20210525T172901_NAYARIT.kml,0.0,0.0,18.702222072718374,-91.63663834249583
VCS2974,Aztlan Blue Carbon Mangrove CONSERVATION project - Conserving the Marismas NACIONALES of Nayarit,,,Agriculture Forestry and Other Land Use,Under development,,,,,,,,,BlueMX Mangrove A.C.,REDD; WRC,VM0007,Mexico,North America,323590.0,2016-06-14,2056-06-13,,,2974.0,24.0,Aztlan Blue Carbon mangrove conservation project,Nayarit,,,BlueMX Mangrove A.C.,Mangrove,,,45639.0,Verra VCS,323590.0,,,,,https://registry.verra.org/app/projectDetail/VCS/2974,,,VCS2974,VCS2974,https://registry.verra.org/uiapi/resource/resourceSummary/2974,https://registry.verra.org/mymodule/ProjectDoc/Project_ViewFile.asp?FileID=75521&IDKEY=K0e98hfalksuf098fnsdalfkjfoijmn4309JLKJFjlaksjfla9f104143459,KML_Nayarit_2974_04102022.kml,0.0,0.0,22.012758541232095,-105.50866468879781
VCS2975,"U' Balam'moo A'kalché ó Blue Carbon Mangrove Conservation Project, Conserving Coastal Ecosystems in Campeche to Support Life",,,Agriculture Forestry and Other Land Use,Under development,,,,,,,,,BlueMX Mangrove A.C.,REDD; WRC,VM0007,Mexico,North America,667276.0,2016-06-14,2056-06-13,,,2975.0,27.0,U Balam moo Akalche,"Campeche,",,,BlueMX Mangrove A.C.,Mangrove,,,32425.0,Verra VCS,667276.0,,,,,https://registry.verra.org/app/projectDetail/VCS/2975,,,VCS2975,VCS2975,https://registry.verra.org/uiapi/resource/resourceSummary/2975,https://registry.verra.org/mymodule/ProjectDoc/Project_ViewFile.asp?FileID=75943&IDKEY=ulksjoiuwqowrnoiuomnckjashoufifmln902309ksdflku098d104725397,KML_Campeche_29752_06102022.kml,0.0,0.0,19.412399165939323,-91.03708983113785
VCS2976,"Uh lu'umil Zazil-ha Blue Carbon Mangrove Conservation Project, Conserving Coastal Ecosystems in Quintana Roo to Support Life",,,Agriculture Forestry and Other Land Use,Under development,,,,,,,,,BlueMX Mangrove A.C.,REDD; WRC,VM0007,Mexico,North America,1718.0,2016-06-14,2056-06-13,,,2976.0,30.0,Uh luumil Zazil-ha,Quintana Roo,,,BlueMX Mangrove A.C.,Mangrove,,,4860.0,Verra VCS,1718.0,,,,,https://registry.verra.org/app/projectDetail/VCS/2976,,,VCS2976,VCS2976,https://registry.verra.org/uiapi/resource/resourceSummary/2976,https://registry.verra.org/mymodule/ProjectDoc/Project_ViewFile.asp?FileID=75523&IDKEY=w8723kjnf7kjandsaslmdv09887vaksmrmnwqkjoiuanfnfuq0d104146217,KML_QuintanaRoo_2976_03102022.kml,0.0,0.0,19.544432372326753,-87.57698032852635
VCS3057,"Tlawan kiwi nak chuchit Blue Carbon Mangrove Conservation Project, Conserving Coastal Ecosystems in Veracruz to Support Life",,,Agriculture Forestry and Other Land Use,Under development,,,,,,,,,BlueMX Mangrove A.C.,REDD; WRC,VM0007,Mexico,North America,65946.0,2016-06-14,2056-06-13,,,3057.0,25.0,Tlawan kiwi nak chuchit,Veracruz,,,BlueMX Mangrove A.C.,Mangrove,,,4903.0,Verra VCS,65946.0,,,,,https://registry.verra.org/app/projectDetail/VCS/3057,,,VCS3057,VCS3057,https://registry.verra.org/uiapi/resource/resourceSummary/3057,https://registry.verra.org/mymodule/ProjectDoc/Project_ViewFile.asp?FileID=80404&IDKEY=a98klasmf8jflkasf8098afnasfkj98f0a9sfsakjflsakjf8da110877116,KML_Veracruz_3057_25102022.kml,0.0,0.0,18.89148077008713,-95.98024093493585
VCS3142,Blue Forest & Mozambique: Building Africa’s Largest Mangrove Restoration Project,,,Agriculture Forestry and Other Land Use,Under development,,,,,,,,,Blue Forest,ARR; REDD,VM0007,Mozambique,Africa,2965555.0,,,,,3142.0,39.0,Blue Forest & Mozambique,Sofala and Zambezia,,,Blue Forest,Mangrove,,,183000.0,Verra VCS,2965555.0,,,,,https://registry.verra.org/app/projectDetail/VCS/3142,,,VCS3142,VCS3142,https://registry.verra.org/uiapi/resource/resourceSummary/3142,https://registry.verra.org/mymodule/ProjectDoc/Project_ViewFile.asp?FileID=65799&IDKEY=f98klasmf8jflkasf8098afnasfkj98f0a9sfsakjflsakjf8df90736821,Mangroverestoration_Sofala_Zambezia.kml,-19.2039,34.8624,-17.797927422649092,37.409429549485665
VCS3155,NIGER DELTA MANGROVE PROJECT,,,Agriculture Forestry and Other Land Use,On Hold,,,,,,,,,everi GmbH,ARR,AR-AM0014,Nigeria,,79406.0,2021-11-23,2061-11-22,,,3155.0,36.0,Niger Delta mangrove project,,,,everi GmbH,Mangrove,,,1920.0,"Verra VCS, Verra CCB",79406.0,,,,,https://registry.verra.org/app/projectDetail/VCS/3155,,,VCS3155,VCS3155,https://registry.verra.org/uiapi/resource/resourceSummary/3155,,,4.624538,7.633111,,
VCS3223,CONSERVATION AND RESTORATION OF THE MANGROVE ECOSYSTEM IN THE GAMBIA THROUGH THE REDD+ MECHANISM,,,Agriculture Forestry and Other Land Use,Under development,,,,,,,,,Multiple Proponents,ARR; IFM; REDD; WRC,VM0007,Gambia,Africa,300000.0,2022-08-01,2122-07-31,,,3223.0,35.0,Conservation and restoration of the mangrove ecosystem in the Gambia,,,,"Government of the Gambia (Department of Parks and Wildlife Management), Orsted Nature Based Solutions",Mangrove,,,100000.0,Verra VCS,300000.0,,,,,https://registry.verra.org/app/projectDetail/VCS/3223,,,VCS3223,VCS3223,https://registry.verra.org/uiapi/resource/resourceSummary/3223,https://registry.verra.org/mymodule/ProjectDoc/Project_ViewFile.asp?FileID=68862&IDKEY=30e98hfalksuf098fnsdalfkjfoijmn4309JLKJFjlaksjfla9n94960698,Grouped project regions.kml,13.598878,-14.947733,13.464424956160201,-15.666981010833545
VCS3226,Padang Tikar Landscape,,,Agriculture Forestry and Other Land Use,Under validation,,,,,,,,,Multiple Proponents,REDD; WRC,VM0007,Indonesia,Asia,590557.0,2017-08-30,2047-08-29,,,3226.0,21.0,Padang Tikar Landscape,West Kalimantan,,,"Ambarawa Village, Batu Ampar Village, Medan Mas Village, Nipah Panjang Village, Padang Tikar Satu Village, Sungai Besar Village, Sungai Jawi Village Tanjung Harapan Village, Tasik Malaya Village, Teluk Nibung Village, Bentang Kalimantan, South Pole",Mangrove,,,58673.0,Verra VCS,590557.0,,,,,https://registry.verra.org/app/projectDetail/VCS/3226,,,3226,VCS3226,https://registry.verra.org/uiapi/resource/resourceSummary/3226,https://registry.verra.org/mymodule/ProjectDoc/Project_ViewFile.asp?FileID=66991&IDKEY=dq934lkmsad39asjdkfj90qlkalsdkngaf98ulkandDfdvDdfhs92380589,Padang Tikar_ElegibleArea_stableforest_06_16_PA.kml,0.831275,109.313833,-0.7855616234846448,109.4632992943715
VCS3230,Abu Ali Island Mangrove Planting Project - Eastern Province Saudi Arabia,,,Agriculture Forestry and Other Land Use,Registration requested,,,,,,,,,SAUDI ARABIAN OIL CO.(ARAMCO),ARR; WRC,VM0033,Saudi Arabia,Middle East,1627.0,,,,,3230.0,40.0,Abu Ali Island mangrove planting project,,,,Saudi Aramco,Mangrove,,,1200.0,Verra VCS,1627.0,,,,,https://registry.verra.org/app/projectDetail/VCS/3230,,,VCS3230,VCS3230,https://registry.verra.org/uiapi/resource/resourceSummary/3230,https://registry.verra.org/mymodule/ProjectDoc/Project_ViewFile.asp?FileID=77481&IDKEY=2kjalskjf098234kj28098sfkjlf098098kl32lasjdflkj9092106846299,3230.kml,27.346861,49.55137,27.30970533616182,49.49799926927722
VCS3294,Muskitia Pâsa Klîn Nâka sa,,,Agriculture Forestry and Other Land Use,Registration and verification approval requested,,,,,,,,,Fundacion Ayuda en Acción,REDD; WRC,VM0007,Honduras,Latin America,38058.0,2017-06-27,2027-06-26,,,3294.0,14.0,Muskitia Pasa Klin Naka,,,,Fundación Ayuda en Acción,Mangrove,,,271528.0,"Verra VCS, Verra CCB",39929.0,,,,,https://registry.verra.org/app/projectDetail/VCS/3294,https://www.southpole.com/projects/muskitia-blue-carbon,,3294,VCS3294,https://registry.verra.org/uiapi/resource/resourceSummary/3294,,,14.615583,-83.149888,,
VCS3333,Restoration of degraded mangroves as a climate change mitigation and adaptation strategy in Asia CPA 1,,,Agriculture Forestry and Other Land Use,Under validation,,,,,,,,,Multiple Proponents,ARR,AR-AM0014,Myanmar,Asia,322622.0,2019-02-13,2039-02-12,,,3333.0,18.0,Restoration of degraded mangroves as a climate change mitigation and adaptation strategy in Asia CPA1,Yangon and Mon,,,"Value Network Ventures Advisory Services Pte. Ltd., Ecoeye Co. Ltd., Worldview International Foundation, Korea Impact Carbon Corporation",Mangrove,,,2552.0,Verra VCS,322622.0,,,,,https://registry.verra.org/app/projectDetail/VCS/3333,,,VCS3333,VCS3333,https://registry.verra.org/uiapi/resource/resourceSummary/3333,,,19.073463,96.671036,,
VCS3357,Climate Resilient & Community Driven Mangrove Afforestation Programme,,,Agriculture Forestry and Other Land Use,On Hold,,,,,,,,,Multiple Proponents,ARR; WRC,AR-AM0014,Sri Lanka,Asia,73240.0,2021-09-21,2041-09-20,,,3357.0,,,,,,,,,,,,,,,,,,,,VCS3357,VCS3357,https://registry.verra.org/uiapi/resource/resourceSummary/3357,https://registry.verra.org/mymodule/ProjectDoc/Project_ViewFile.asp?FileID=69047&IDKEY=s98klasmf8jflkasf8098afnasfkj98f0a9sfsakjflsakjf8ds95215813,Plantation_locations_Combined TCP.kml,6.053516,80.220977,7.941864800058583,79.79586989289024
VCS3360,Developing climate resilience of the coastal communities of Sunderbans through Mangrove Afforestation,,,Agriculture Forestry and Other Land Use,On Hold,,,,,,,,,Multiple Proponents,ARR; WRC,AR-AM0014,India,Asia,44578.0,2021-08-28,2041-08-27,,,3360.0,42.0,Developing climate resilience of coastal communities of the Sundarbans through mangrove afforestation,West Bengal,,,"Value Network Ventures Advisory Services Pte. Ltd., Sustainable Green Initiative",Mangrove,,,650.0,Verra VCS,93533.0,,,,,https://registry.verra.org/app/projectDetail/VCS/3360,,,VCS3360,VCS3360,https://registry.verra.org/uiapi/resource/resourceSummary/3360,https://registry.verra.org/mymodule/ProjectDoc/Project_ViewFile.asp?FileID=69129&IDKEY=9kjalskjf098234kj28098sfkjlf098098kl32lasjdflkj909a95328891,Consolidated_Plots_Sunderbans.kml,25.05748,88.282611,22.315572389116262,88.67768344971853
VCS3361,Participatory Mangrove Afforestation & Restoration in the west coast of India,,,Agriculture Forestry and Other Land Use,Registration requested,,,,,,,,,Multiple Proponents,ARR; WRC,AR-AM0014,India,Asia,11536.0,2022-06-08,2042-06-07,,,3361.0,41.0,Participatory mangrove afforestation and restoration in the west coast of India,Karnataka,,,"Value Network Ventures Advisory Services Pte. Ltd., India Foundation for Humanistic Development",Mangrove,,,175.0,Verra VCS,14097.0,,,,,https://registry.verra.org/app/projectDetail/VCS/3361,,,VCS3361,VCS3361,https://registry.verra.org/uiapi/resource/resourceSummary/3361,https://registry.verra.org/mymodule/ProjectDoc/Project_ViewFile.asp?FileID=69134&IDKEY=eiquwesdfmnk0iei23nnm435oiojnc909dsflk9809adlkmlkfl95335786,All_Combined_IFHD.kml,14.793708,74.68688,14.384469256012702,74.41158578694484
VCS3365,Developing Voluntary Carbon market project for Sundarban Tiger Reserve in India,,,Agriculture Forestry and Other Land Use,Under development,,,,,,,,,Value Network Ventures Advisory Services Pvt. Ltd.,ARR; WRC,VM0007,India,Asia,57587.0,2018-10-01,2048-09-30,,,3365.0,43.0,Developing voluntary carbon market project for Sundarban Tiger reserve,West Bengal,,,Sundarban Tiger Conservation Foundation Trust,Mangrove,,,2585.0,Verra VCS,57587.0,,,,,https://registry.verra.org/app/projectDetail/VCS/3365,,,3365,VCS3365,https://registry.verra.org/uiapi/resource/resourceSummary/3365,https://registry.verra.org/mymodule/ProjectDoc/Project_ViewFile.asp?FileID=69174&IDKEY=4kjalskjf098234kj28098sfkjlf098098kl32lasjdflkj909l95390946,Project Boundary_Sundarban.kml,21.838051,88.885277,22.024955876613156,88.87465257759305
VCS3660,Papariko - Restoration of Degraded Mangrove Areas in Kenya,,,Agriculture Forestry and Other Land Use,On Hold,,,,,,,,,Vlinder Austria GmbH,ARR,AR-AM0014,Kenya,Africa,30389.0,,,,,3660.0,17.0,Papariko,,,,Vlinder Austria,Mangrove,,,1500.0,"Verra VCS, Verra CCB",5367.0,,,,,https://registry.verra.org/app/projectDetail/VCS/3660,,,VCS3660,VCS3660,https://registry.verra.org/uiapi/resource/resourceSummary/3660,https://registry.verra.org/mymodule/ProjectDoc/Project_ViewFile.asp?FileID=72650&IDKEY=n0e98hfalksuf098fnsdalfkjfoijmn4309JLKJFjlaksjfla93100184350,Project area 1 - Shirazi-Funzi Complex.kml,-4.562099,39.434752,-4.556808532514236,39.41737741176984
VCS3674,Veracruz Mangrove For Life Project,,,Agriculture Forestry and Other Land Use,Rejected by Administrator,,,,,,,,,Livelihoods Fund SICAV SIF,ARR,AR-AM0014,Mexico,Latin America,50902.0,2017-01-17,2042-01-16,,,3674.0,,,,,,,,,,,,,,,,,,,,VCS3674,VCS3674,https://registry.verra.org/uiapi/resource/resourceSummary/3674,,,18.766667,-95.766667,,
VCS3730,Climate Action in Myanmar through a community-based Mangrove Restoration,,,Agriculture Forestry and Other Land Use,Under validation,,,,,,,,,Worldview International Foundation,ARR; WRC,VM0033,Myanmar,Asia,91861.0,2022-05-10,2047-05-09,,,3730.0,,,,,,,,,,,,,,,,,,,,VCS3730,VCS3730,https://registry.verra.org/uiapi/resource/resourceSummary/3730,https://registry.verra.org/mymodule/ProjectDoc/Project_ViewFile.asp?FileID=86841&IDKEY=3kjalskjf098234kj28098sfkjlf098098kl32lasjdflkj9093119753739,WIF_VCS_3730 Project Bondary_1500ha_.kml,10.977721,98.697248,11.125446495799284,98.69397861272975
VCS3773,Mindanao Forests for People and Sustainable Livelihoods (MinFor),,,Agriculture Forestry and Other Land Use,Under development,,,,,,,,,Multiple Proponents,ARR; REDD; WRC,VM0007,Philippines,Asia,1608286.0,2022-09-08,2072-09-07,,,3773.0,49.0,Mindanao forests for people and sustainable livelihoods,Mindanao and Bohol,,,Kennemer Eco Solutions Pte Ltd and BaiAni Foundation,Mangrove,,,229810.0,"Verra VCS, Verra CCB",1608286.0,,,,,https://registry.verra.org/app/projectDetail/VCS/3773,,,3773,VCS3773,https://registry.verra.org/uiapi/resource/resourceSummary/3773,https://registry.verra.org/mymodule/ProjectDoc/Project_ViewFile.asp?FileID=76400&IDKEY=skjalskjf098234kj28098sfkjlf098098kl32lasjdflkj9090105355600,221018_MinFor_Project Zone.kml,6.952091,126.217406,7.294196769228211,126.30012687329867
VCS3818,Blue Carbon Mitigation through Community Based Mangrove Restoration,,,Agriculture Forestry and Other Land Use,Under validation,,,,,,,,,Worldview International Foundation,ARR; WRC,VM0033,Myanmar,Asia,259130.0,2021-05-29,2041-05-28,,,3818.0,,,,,,,,,,,,,,,,,,,,VCS3818,VCS3818,https://registry.verra.org/uiapi/resource/resourceSummary/3818,https://registry.verra.org/mymodule/ProjectDoc/Project_ViewFile.asp?FileID=75772&IDKEY=mlksjoiuwqowrnoiuomnckjashoufifmln902309ksdflku098m104489588,WIF-3.6K_ProjectBoundary01.kml,16.831542,96.725775,16.861945449999382,96.85195533117799
VCS3868,Fangchenggang Mangrove afforestation project,,,Agriculture Forestry and Other Land Use,Under validation,,,,,,,,,"Fangchenggang Xinggang Agricultural Development Co., Ltd",ARR,AR-AM0014,China,Asia,2790.0,2020-03-18,2060-03-17,,,3868.0,20.0,Fangchenggang Mangrove afforestation project,Guangxi,,,"Fangchenggang Xinggang Agricultural Development Co., Ltd",Mangrove,,,222.0,"Verra VCS, Verra CCB",2790.0,,,,,https://registry.verra.org/app/projectDetail/VCS/3868,,,VCS3868,VCS3868,https://registry.verra.org/uiapi/resource/resourceSummary/3868,https://registry.verra.org/mymodule/ProjectDoc/Project_ViewFile.asp?FileID=76680&IDKEY=skjalskjf098234kj28098sfkjlf098098kl32lasjdflkj909l105741720,Fangchenggang Mangrove afforestation project-KML.kml,21.668995,108.345666,21.671964434608643,108.33740003642548
VCS3897,"Mangrove restoration project in Wenchang and Changjiang, Hainan",,,Agriculture Forestry and Other Land Use,Under validation,,,,,,,,,Multiple Proponents,ARR,VM0033,China,Asia,4672.0,2021-05-03,2061-05-02,,,3897.0,19.0,"Mangrove restoration project in Wenchang and Changjiang, Hainan",Hainan,,,"Third Institute of Oceanography, Ministry of Natural Resources",Mangrove,,,352.0,"Verra VCS, Verra CCB",4672.0,,,,,https://registry.verra.org/app/projectDetail/VCS/3897,,,VCS3897,VCS3897,https://registry.verra.org/uiapi/resource/resourceSummary/3897,https://registry.verra.org/mymodule/ProjectDoc/Project_ViewFile.asp?FileID=77278&IDKEY=dq934lkmsad39asjdkfj90qlkalsdkngaf98ulkandDfdvDdfhl106566362,03-Hainan AR_Project boundary.kml,19.49473,108.937708,19.638597716641485,110.52665299777024
,,,,,,,,,,,,,,,,,,,,,,,,,6.0,Vanga,Gazi Bay,,,"ACES - Association for Ecosystem Services, UK",Mangrove,2019,,460.0,Plan Vivo,6702.0,,,,,https://mer.markit.com/br-reg/public/project.jsp?project_id=104000000026945,https://www.planvivo.org/vanga,,104000000026945,,,,,,,,
,,,,,,,,,,,,,,,,,,,,,,,,,7.0,Mikoko Pamoja,Gazi Bay,,,"ACES - Association for Ecosystem Services, UK",Mangrove,2013/2018,,117.0,Plan Vivo,2500.0,,,,,https://mer.markit.com/br-reg/public/project.jsp?project_id=103000000008881,https://www.planvivo.org/mikoko-pamoja,,103000000008881,,,,,,,,
,,,,,,,,,,,,,,,,,,,,,,,,,8.0,Tahiri Honko,,,,Blue Ventures,Mangrove,2018,,1230.0,Plan Vivo,1371.0,,,,,,https://blueventures.org/tag/tahiry-honko/,,,,,,,,,,
,,,,,,,,,,,,,,,,,,,,,,,,,22.0,MarVivo,Baja California Sur,,,MarVivo Corporation,Mangrove,,,159000.0," Verra VCS, Verra CCB, SD VISta",,,,,,,https://marvivo.earth/; https://www.carbonstreaming.com/project/magdalena-bay-blue-carbon/,,,,,,,,,,
,,,,,,,,,,,,,,,,,,,,,,,,,28.0,Restoration and protection of mangroves and Blue Carbon ecosystems in North Yucatan,Yucatan,,,"CINVESTAV, SCTS",Mangrove,,,1542.0,Plan Vivo,,,,,,,,,,,,,,,,,
,,,,,,,,,,,,,,,,,,,,,,,,,29.0,Taab Che,Yucatan,,,Resiliencia Azul,Mangrove,,,10079.0,Plan Vivo,,,,,,,,,,,,,,,,,
,,,,,,,,,,,,,,,,,,,,,,,,,31.0,Restoration of mangroves removed for shrimp farms and firewood in the Gulf of Fonseca,Gulf of Fonseca,,,"CMR, CODDEFFAGOLF",Mangrove,,,1548.0,Plan Vivo,,,,,,,,,,,,,,,,,
,,,,,,,,,,,,,,,,,,,,,,,,,37.0,PES in the Manuka mangrove forest,Manuka,,,Cameroon Ecology and CIFOR,Mangrove,,,2700.0,Plan Vivo,,,,,,,,,,,,,,,,,
,,,,,,,,,,,,,,,,,,,,,,,,,38.0,Mikoko Ujamaa,,,,Women Against Poverty,Mangrove,,,1426.0,Plan Vivo,,,,,,,,,,,,,,,,,
,,,,,,,,,,,,,,,,,,,,,,,,,48.0,Restoration of abandoned or under-utilised shrimp farms to mangroves on village owned land in SE Sulawesi,SE Sulawesi,,,Yayasan Bunga Bakau Indonesia,Mangrove,,,4500.0,Plan Vivo,,,,,,,,,,,,,,,,,
